web-scraper-order,web-scraper-start-url,fonction,fonction-href,Echelon,Indice Brut,Indice majoré,Durée,Salaire brut,catA,catB,catC
1651680771-2046,https://www.emploi-collectivites.fr/grille-indiciaire-etat,Magistrat du tribunal administratif et cour administrative d’appel,https://www.emploi-collectivites.fr/grille-indiciaire-etat-magistrat-tribunal-administratif-cour-administrative-appel/1/6117.htm,5,HEC,-,1 an,"5 267,09 €",A,,
1651680765-1924,https://www.emploi-collectivites.fr/grille-indiciaire-etat,Maître des requêtes du Conseil d'Etat -CE,https://www.emploi-collectivites.fr/grille-indiciaire-etat-maitre-requetes-conseil/1/5663.htm,7,HEB,-,8 mois,"4 554,82 €",A,,
1651680830-2830,https://www.emploi-collectivites.fr/grille-indiciaire-etat,Coordonnateur de formation de l'Ecole nationale de la magistrature (ENM),https://www.emploi-collectivites.fr/grille-indiciaire-etat-coordonnateur-formation-ecole-nationale-magistrature-enm/1/6246.htm,,HEB3,-,1 an,"4 999,99 €",A,,
1651681129-5223,https://www.emploi-collectivites.fr/grille-indiciaire-etat,Sous chef de service,https://www.emploi-collectivites.fr/grille-indiciaire-etat-chef-service/1/5803.htm,,,,,,,,
1651680776-2110,https://www.emploi-collectivites.fr/grille-indiciaire-etat,Magistrat du second grade de l'ordre judiciaire,https://www.emploi-collectivites.fr/grille-indiciaire-etat-magistrat-second-grade-ordre-judiciaire/1/6240.htm,5,762,628,-,"2 942,82 €",A,,
1651682562-12333,https://www.emploi-collectivites.fr/grille-indiciaire-etat,Administrateur de l'Etat,https://www.emploi-collectivites.fr/grille-indiciaire-etat-administrateur/1/5048.htm,,HEBbis3,-,-,"5 267,09 €",A,,
1651682562-12316,https://www.emploi-collectivites.fr/grille-indiciaire-etat,Administrateur de l'Etat,https://www.emploi-collectivites.fr/grille-indiciaire-etat-administrateur/1/5048.htm,,HEC3,-,2 ans,"5 496,71 €",A,,
1651680771-2069,https://www.emploi-collectivites.fr/grille-indiciaire-etat,Magistrat du tribunal administratif et cour administrative d’appel,https://www.emploi-collectivites.fr/grille-indiciaire-etat-magistrat-tribunal-administratif-cour-administrative-appel/1/6117.htm,2,485,420,1 an,"1 968,13 €",A,,
1651680771-2041,https://www.emploi-collectivites.fr/grille-indiciaire-etat,Magistrat du tribunal administratif et cour administrative d’appel,https://www.emploi-collectivites.fr/grille-indiciaire-etat-magistrat-tribunal-administratif-cour-administrative-appel/1/6117.htm,,HEB2,-,1 an,"4 746,94 €",A,,
1651680771-2048,https://www.emploi-collectivites.fr/grille-indiciaire-etat,Magistrat du tribunal administratif et cour administrative d’appel,https://www.emploi-collectivites.fr/grille-indiciaire-etat-magistrat-tribunal-administratif-cour-administrative-appel/1/6117.htm,,HEC3,-,1 an,"5 496,71 €",A,,
1651680773-2098,https://www.emploi-collectivites.fr/grille-indiciaire-etat,Magistrat du second grade provisoire de l'ordre judiciaire,https://www.emploi-collectivites.fr/grille-indiciaire-etat-magistrat-second-grade-provisoire-ordre-judiciaire/1/6239.htm,3,665,555,2 ans,"2 600,74 €",A,,
1651680771-2057,https://www.emploi-collectivites.fr/grille-indiciaire-etat,Magistrat du tribunal administratif et cour administrative d’appel,https://www.emploi-collectivites.fr/grille-indiciaire-etat-magistrat-tribunal-administratif-cour-administrative-appel/1/6117.htm,4,953,773,2 ans,"3 622,30 €",A,,
1651680765-1929,https://www.emploi-collectivites.fr/grille-indiciaire-etat,Maître des requêtes du Conseil d'Etat -CE,https://www.emploi-collectivites.fr/grille-indiciaire-etat-maitre-requetes-conseil/1/5663.htm,,HEBbis3,-,-,"5 267,09 €",A,,
1651682562-12325,https://www.emploi-collectivites.fr/grille-indiciaire-etat,Administrateur de l'Etat,https://www.emploi-collectivites.fr/grille-indiciaire-etat-administrateur/1/5048.htm,6,HEA,-,1 an,"4 170,56 €",A,,
1651682511-11929,https://www.emploi-collectivites.fr/grille-indiciaire-etat,Secrétaire administratif des administrations de l'Etat,https://www.emploi-collectivites.fr/grille-indiciaire-etat-secretaire-administratif-administrations/1/5052.htm,7,480,416,2 ans,"1 949,39 €",,B,
1651680771-2037,https://www.emploi-collectivites.fr/grille-indiciaire-etat,Magistrat du tribunal administratif et cour administrative d’appel,https://www.emploi-collectivites.fr/grille-indiciaire-etat-magistrat-tribunal-administratif-cour-administrative-appel/1/6117.htm,2,HEA,-,8 mois,"4 170,56 €",A,,
1651682562-12331,https://www.emploi-collectivites.fr/grille-indiciaire-etat,Administrateur de l'Etat,https://www.emploi-collectivites.fr/grille-indiciaire-etat-administrateur/1/5048.htm,8,HEB bis,-,1 an,A venir,A,,
1651680765-1921,https://www.emploi-collectivites.fr/grille-indiciaire-etat,Maître des requêtes du Conseil d'Etat -CE,https://www.emploi-collectivites.fr/grille-indiciaire-etat-maitre-requetes-conseil/1/5663.htm,6,HEA,-,8 mois,"4 170,56 €",A,,
1651680778-2135,https://www.emploi-collectivites.fr/grille-indiciaire-etat,Magistrat du premier grade de l'ordre judiciaire,https://www.emploi-collectivites.fr/grille-indiciaire-etat-magistrat-premier-grade-ordre-judiciaire/1/5672.htm,2,862,705,1 an 6 mois,"3 303,65 €",A,,
1651680830-2823,https://www.emploi-collectivites.fr/grille-indiciaire-etat,Coordonnateur de formation de l'Ecole nationale de la magistrature (ENM),https://www.emploi-collectivites.fr/grille-indiciaire-etat-coordonnateur-formation-ecole-nationale-magistrature-enm/1/6246.htm,4,977,792,1 an 6 mois,"3 711,33 €",A,,
1651682562-12326,https://www.emploi-collectivites.fr/grille-indiciaire-etat,Administrateur de l'Etat,https://www.emploi-collectivites.fr/grille-indiciaire-etat-administrateur/1/5048.htm,,HEA2,-,1 an,"4 334,57 €",A,,
1651682562-12305,https://www.emploi-collectivites.fr/grille-indiciaire-etat,Administrateur de l'Etat,https://www.emploi-collectivites.fr/grille-indiciaire-etat-administrateur/1/5048.htm,2,HEA,-,1 an,"4 170,56 €",A,,
1651682511-11914,https://www.emploi-collectivites.fr/grille-indiciaire-etat,Secrétaire administratif des administrations de l'Etat,https://www.emploi-collectivites.fr/grille-indiciaire-etat-secretaire-administratif-administrations/1/5052.htm,3,484,419,2 ans,"1 963,44 €",,B,
1651680985-4455,https://www.emploi-collectivites.fr/grille-indiciaire-etat,Secrétaire général de préfecture,https://www.emploi-collectivites.fr/grille-indiciaire-etat-secretaire-general-prefecture/1/5839.htm,,,,,,,,
1651680778-2134,https://www.emploi-collectivites.fr/grille-indiciaire-etat,Magistrat du premier grade de l'ordre judiciaire,https://www.emploi-collectivites.fr/grille-indiciaire-etat-magistrat-premier-grade-ordre-judiciaire/1/5672.htm,1,813,667,1 an 6 mois,"3 125,58 €",A,,
1651682562-12304,https://www.emploi-collectivites.fr/grille-indiciaire-etat,Administrateur de l'Etat,https://www.emploi-collectivites.fr/grille-indiciaire-etat-administrateur/1/5048.htm,1,1027,830,3 ans,"3 889,40 €",A,,
1651680771-2059,https://www.emploi-collectivites.fr/grille-indiciaire-etat,Magistrat du tribunal administratif et cour administrative d’appel,https://www.emploi-collectivites.fr/grille-indiciaire-etat-magistrat-tribunal-administratif-cour-administrative-appel/1/6117.htm,6,HEA,-,1 an,"4 170,56 €",A,,
1651682511-11932,https://www.emploi-collectivites.fr/grille-indiciaire-etat,Secrétaire administratif des administrations de l'Etat,https://www.emploi-collectivites.fr/grille-indiciaire-etat-secretaire-administratif-administrations/1/5052.htm,10,542,461,3 ans,"2 160,26 €",,B,
1651682562-12310,https://www.emploi-collectivites.fr/grille-indiciaire-etat,Administrateur de l'Etat,https://www.emploi-collectivites.fr/grille-indiciaire-etat-administrateur/1/5048.htm,,HEB3,-,1 an,"4 999,99 €",A,,
1651680842-2995,https://www.emploi-collectivites.fr/grille-indiciaire-etat,Chef de service éducatif de la protection judiciaire de la jeunesse,https://www.emploi-collectivites.fr/grille-indiciaire-etat-chef-service-educatif-protection-judiciaire-jeunesse/1/5683.htm,5,655,546,2 ans 6 mois,"2 558,57 €",A,,
1651681376-6174,https://www.emploi-collectivites.fr/grille-indiciaire-etat,Secrétaire général agrégé Institut français d'archéologie orientale du Caire,https://www.emploi-collectivites.fr/grille-indiciaire-etat-secretaire-general-agrege-institut-francais-archeologie-orientale-caire/1/5950.htm,,,,,,,,
1651680765-1926,https://www.emploi-collectivites.fr/grille-indiciaire-etat,Maître des requêtes du Conseil d'Etat -CE,https://www.emploi-collectivites.fr/grille-indiciaire-etat-maitre-requetes-conseil/1/5663.htm,,HEB3,-,8 mois,"4 999,99 €",A,,
1651682143-9487,https://www.emploi-collectivites.fr/grille-indiciaire-etat,Administrateur de l'Institut national de la statistique et des études économiques (INSEE),https://www.emploi-collectivites.fr/grille-indiciaire-etat-administrateur-institut-national-statistique-etudes-economiques-insee/1/5332.htm,,,,,,,,
1651682562-12341,https://www.emploi-collectivites.fr/grille-indiciaire-etat,Administrateur de l'Etat,https://www.emploi-collectivites.fr/grille-indiciaire-etat-administrateur/1/5048.htm,8,912,743,2 ans,"3 481,72 €",A,,
1651680773-2101,https://www.emploi-collectivites.fr/grille-indiciaire-etat,Magistrat du second grade provisoire de l'ordre judiciaire,https://www.emploi-collectivites.fr/grille-indiciaire-etat-magistrat-second-grade-provisoire-ordre-judiciaire/1/6239.htm,6,813,667,3 ans,"3 125,58 €",A,,
1651680778-2141,https://www.emploi-collectivites.fr/grille-indiciaire-etat,Magistrat du premier grade de l'ordre judiciaire,https://www.emploi-collectivites.fr/grille-indiciaire-etat-magistrat-premier-grade-ordre-judiciaire/1/5672.htm,,HEA3,-,1 an,"4 554,82 €",A,,
1651680765-1923,https://www.emploi-collectivites.fr/grille-indiciaire-etat,Maître des requêtes du Conseil d'Etat -CE,https://www.emploi-collectivites.fr/grille-indiciaire-etat-maitre-requetes-conseil/1/5663.htm,,HEA3,-,8 mois,"4 554,82 €",A,,
1651682511-11946,https://www.emploi-collectivites.fr/grille-indiciaire-etat,Secrétaire administratif des administrations de l'Etat,https://www.emploi-collectivites.fr/grille-indiciaire-etat-secretaire-administratif-administrations/1/5052.htm,11,538,457,3 ans,"2 141,51 €",,B,
1651680771-2073,https://www.emploi-collectivites.fr/grille-indiciaire-etat,Magistrat du tribunal administratif et cour administrative d’appel,https://www.emploi-collectivites.fr/grille-indiciaire-etat-magistrat-tribunal-administratif-cour-administrative-appel/1/6117.htm,6,713,591,2 ans,"2 769,44 €",A,,
1651682511-11925,https://www.emploi-collectivites.fr/grille-indiciaire-etat,Secrétaire administratif des administrations de l'Etat,https://www.emploi-collectivites.fr/grille-indiciaire-etat-secretaire-administratif-administrations/1/5052.htm,3,415,369,2 ans,"1 729,14 €",,B,
1651680830-2831,https://www.emploi-collectivites.fr/grille-indiciaire-etat,Coordonnateur de formation de l'Ecole nationale de la magistrature (ENM),https://www.emploi-collectivites.fr/grille-indiciaire-etat-coordonnateur-formation-ecole-nationale-magistrature-enm/1/6246.htm,8,HEC,-,1 an,"5 267,09 €",A,,
1651680765-1927,https://www.emploi-collectivites.fr/grille-indiciaire-etat,Maître des requêtes du Conseil d'Etat -CE,https://www.emploi-collectivites.fr/grille-indiciaire-etat-maitre-requetes-conseil/1/5663.htm,8,HEBbis,-,8 mois,"4 999,99 €",A,,
1651680765-1925,https://www.emploi-collectivites.fr/grille-indiciaire-etat,Maître des requêtes du Conseil d'Etat -CE,https://www.emploi-collectivites.fr/grille-indiciaire-etat-maitre-requetes-conseil/1/5663.htm,,HEB2,-,8 mois,"4 746,94 €",A,,
1651680830-2820,https://www.emploi-collectivites.fr/grille-indiciaire-etat,Coordonnateur de formation de l'Ecole nationale de la magistrature (ENM),https://www.emploi-collectivites.fr/grille-indiciaire-etat-coordonnateur-formation-ecole-nationale-magistrature-enm/1/6246.htm,1,813,667,1 an 6 mois,"3 125,58 €",A,,
1651681381-6176,https://www.emploi-collectivites.fr/grille-indiciaire-etat,Secrétaire général agrégé Ecole française d'archéologie d'Athènes,https://www.emploi-collectivites.fr/grille-indiciaire-etat-secretaire-general-agrege-ecole-francaise-archeologie-athenes/1/5946.htm,,,,,,,,
1651680776-2108,https://www.emploi-collectivites.fr/grille-indiciaire-etat,Magistrat du second grade de l'ordre judiciaire,https://www.emploi-collectivites.fr/grille-indiciaire-etat-magistrat-second-grade-ordre-judiciaire/1/6240.htm,3,665,555,2 ans,"2 600,74 €",A,,
1651680771-2072,https://www.emploi-collectivites.fr/grille-indiciaire-etat,Magistrat du tribunal administratif et cour administrative d’appel,https://www.emploi-collectivites.fr/grille-indiciaire-etat-magistrat-tribunal-administratif-cour-administrative-appel/1/6117.htm,5,665,555,2 ans,"2 600,74 €",A,,
1651680752-1735,https://www.emploi-collectivites.fr/grille-indiciaire-etat,Secrétaire général du Conseil d'Etat-CE,https://www.emploi-collectivites.fr/grille-indiciaire-etat-secretaire-general-conseil/1/5692.htm,,HEBbis2,-,1 an,"5 131,20 €",A,,
1651680771-2049,https://www.emploi-collectivites.fr/grille-indiciaire-etat,Magistrat du tribunal administratif et cour administrative d’appel,https://www.emploi-collectivites.fr/grille-indiciaire-etat-magistrat-tribunal-administratif-cour-administrative-appel/1/6117.htm,6,HED,-,1 an,"5 496,71 €",A,,
1651681743-7474,https://www.emploi-collectivites.fr/grille-indiciaire-etat,Administrateur de l'éducation nationale et de la Jeunesse,https://www.emploi-collectivites.fr/grille-indiciaire-etat-administrateur-education-nationale-jeunesse/1/5627.htm,5,977,792,2 ans 6 mois,"3 711,33 €",A,,
1651682511-11941,https://www.emploi-collectivites.fr/grille-indiciaire-etat,Secrétaire administratif des administrations de l'Etat,https://www.emploi-collectivites.fr/grille-indiciaire-etat-secretaire-administratif-administrations/1/5052.htm,6,431,381,2 ans,"1 785,38 €",,B,
1651680773-2099,https://www.emploi-collectivites.fr/grille-indiciaire-etat,Magistrat du second grade provisoire de l'ordre judiciaire,https://www.emploi-collectivites.fr/grille-indiciaire-etat-magistrat-second-grade-provisoire-ordre-judiciaire/1/6239.htm,4,713,591,2 ans,"2 769,44 €",A,,
1651681743-7478,https://www.emploi-collectivites.fr/grille-indiciaire-etat,Administrateur de l'éducation nationale et de la Jeunesse,https://www.emploi-collectivites.fr/grille-indiciaire-etat-administrateur-education-nationale-jeunesse/1/5627.htm,,HEA3,-,-,"4 554,82 €",A,,
1651680830-2826,https://www.emploi-collectivites.fr/grille-indiciaire-etat,Coordonnateur de formation de l'Ecole nationale de la magistrature (ENM),https://www.emploi-collectivites.fr/grille-indiciaire-etat-coordonnateur-formation-ecole-nationale-magistrature-enm/1/6246.htm,,HEA2,-,1 an,"4 334,57 €",A,,
1651680778-2147,https://www.emploi-collectivites.fr/grille-indiciaire-etat,Magistrat du premier grade de l'ordre judiciaire,https://www.emploi-collectivites.fr/grille-indiciaire-etat-magistrat-premier-grade-ordre-judiciaire/1/5672.htm,,HEBbis3,-,-,"5 267,09 €",A,,
1651680765-1928,https://www.emploi-collectivites.fr/grille-indiciaire-etat,Maître des requêtes du Conseil d'Etat -CE,https://www.emploi-collectivites.fr/grille-indiciaire-etat-maitre-requetes-conseil/1/5663.htm,,HEBbis2,-,8 mois,"5 131,20 €",A,,
1651680830-2824,https://www.emploi-collectivites.fr/grille-indiciaire-etat,Coordonnateur de formation de l'Ecole nationale de la magistrature (ENM),https://www.emploi-collectivites.fr/grille-indiciaire-etat-coordonnateur-formation-ecole-nationale-magistrature-enm/1/6246.htm,5,1027,830,2 ans,"3 889,40 €",A,,
1651680771-2050,https://www.emploi-collectivites.fr/grille-indiciaire-etat,Magistrat du tribunal administratif et cour administrative d’appel,https://www.emploi-collectivites.fr/grille-indiciaire-etat-magistrat-tribunal-administratif-cour-administrative-appel/1/6117.htm,,HED2,-,1 an,"5 745,07 €",A,,
1651680771-2054,https://www.emploi-collectivites.fr/grille-indiciaire-etat,Magistrat du tribunal administratif et cour administrative d’appel,https://www.emploi-collectivites.fr/grille-indiciaire-etat-magistrat-tribunal-administratif-cour-administrative-appel/1/6117.htm,1,762,628,1 an,"2 942,82 €",A,,
1651680752-1736,https://www.emploi-collectivites.fr/grille-indiciaire-etat,Secrétaire général du Conseil d'Etat-CE,https://www.emploi-collectivites.fr/grille-indiciaire-etat-secretaire-general-conseil/1/5692.htm,,HEBbis3,-,-,"5 267,09 €",A,,
1651682511-11934,https://www.emploi-collectivites.fr/grille-indiciaire-etat,Secrétaire administratif des administrations de l'Etat,https://www.emploi-collectivites.fr/grille-indiciaire-etat-secretaire-administratif-administrations/1/5052.htm,12,599,504,4 ans,"2 361,76 €",,B,
1651682562-12322,https://www.emploi-collectivites.fr/grille-indiciaire-etat,Administrateur de l'Etat,https://www.emploi-collectivites.fr/grille-indiciaire-etat-administrateur/1/5048.htm,3,912,743,2 ans,"3 481,72 €",A,,
1651680771-2070,https://www.emploi-collectivites.fr/grille-indiciaire-etat,Magistrat du tribunal administratif et cour administrative d’appel,https://www.emploi-collectivites.fr/grille-indiciaire-etat-magistrat-tribunal-administratif-cour-administrative-appel/1/6117.htm,3,542,461,1 an,"2 160,26 €",A,,
1651682511-11923,https://www.emploi-collectivites.fr/grille-indiciaire-etat,Secrétaire administratif des administrations de l'Etat,https://www.emploi-collectivites.fr/grille-indiciaire-etat-secretaire-administratif-administrations/1/5052.htm,1,389,356,2 ans,"1 668,22 €",,B,
1651680830-2822,https://www.emploi-collectivites.fr/grille-indiciaire-etat,Coordonnateur de formation de l'Ecole nationale de la magistrature (ENM),https://www.emploi-collectivites.fr/grille-indiciaire-etat-coordonnateur-formation-ecole-nationale-magistrature-enm/1/6246.htm,3,912,743,1 an 6 mois,"3 481,72 €",A,,
1651681743-7475,https://www.emploi-collectivites.fr/grille-indiciaire-etat,Administrateur de l'éducation nationale et de la Jeunesse,https://www.emploi-collectivites.fr/grille-indiciaire-etat-administrateur-education-nationale-jeunesse/1/5627.htm,6,1027,830,3 ans,"3 889,40 €",A,,
1651682562-12336,https://www.emploi-collectivites.fr/grille-indiciaire-etat,Administrateur de l'Etat,https://www.emploi-collectivites.fr/grille-indiciaire-etat-administrateur/1/5048.htm,3,665,555,1 an,"2 600,74 €",A,,
1651680765-1922,https://www.emploi-collectivites.fr/grille-indiciaire-etat,Maître des requêtes du Conseil d'Etat -CE,https://www.emploi-collectivites.fr/grille-indiciaire-etat-maitre-requetes-conseil/1/5663.htm,,HEA2,-,8 mois,"4 334,57 €",A,,
1651680776-2107,https://www.emploi-collectivites.fr/grille-indiciaire-etat,Magistrat du second grade de l'ordre judiciaire,https://www.emploi-collectivites.fr/grille-indiciaire-etat-magistrat-second-grade-ordre-judiciaire/1/6240.htm,2,600,505,1 an,"2 366,44 €",A,,
1651682511-11926,https://www.emploi-collectivites.fr/grille-indiciaire-etat,Secrétaire administratif des administrations de l'Etat,https://www.emploi-collectivites.fr/grille-indiciaire-etat-secretaire-administratif-administrations/1/5052.htm,4,429,379,2 ans,"1 776,00 €",,B,
1651680771-2071,https://www.emploi-collectivites.fr/grille-indiciaire-etat,Magistrat du tribunal administratif et cour administrative d’appel,https://www.emploi-collectivites.fr/grille-indiciaire-etat-magistrat-tribunal-administratif-cour-administrative-appel/1/6117.htm,4,600,505,1 an,"2 366,44 €",A,,
1651682562-12317,https://www.emploi-collectivites.fr/grille-indiciaire-etat,Administrateur de l'Etat,https://www.emploi-collectivites.fr/grille-indiciaire-etat-administrateur/1/5048.htm,6,HED,-,1 an,"5 496,71 €",A,,
1651682562-12340,https://www.emploi-collectivites.fr/grille-indiciaire-etat,Administrateur de l'Etat,https://www.emploi-collectivites.fr/grille-indiciaire-etat-administrateur/1/5048.htm,7,862,705,2 ans,"3 303,65 €",A,,
1651680773-2103,https://www.emploi-collectivites.fr/grille-indiciaire-etat,Magistrat du second grade provisoire de l'ordre judiciaire,https://www.emploi-collectivites.fr/grille-indiciaire-etat-magistrat-second-grade-provisoire-ordre-judiciaire/1/6239.htm,8,912,743,3 ans,"3 481,72 €",A,,
1651680830-2832,https://www.emploi-collectivites.fr/grille-indiciaire-etat,Coordonnateur de formation de l'Ecole nationale de la magistrature (ENM),https://www.emploi-collectivites.fr/grille-indiciaire-etat-coordonnateur-formation-ecole-nationale-magistrature-enm/1/6246.htm,,HEC2,-,1 an,"5 379,56 €",A,,
1651680778-2139,https://www.emploi-collectivites.fr/grille-indiciaire-etat,Magistrat du premier grade de l'ordre judiciaire,https://www.emploi-collectivites.fr/grille-indiciaire-etat-magistrat-premier-grade-ordre-judiciaire/1/5672.htm,6,HEA,-,1 an,"4 170,56 €",A,,
1651681743-7476,https://www.emploi-collectivites.fr/grille-indiciaire-etat,Administrateur de l'éducation nationale et de la Jeunesse,https://www.emploi-collectivites.fr/grille-indiciaire-etat-administrateur-education-nationale-jeunesse/1/5627.htm,7,HEA,-,1 an,"4 170,56 €",A,,
1651680842-2991,https://www.emploi-collectivites.fr/grille-indiciaire-etat,Chef de service éducatif de la protection judiciaire de la jeunesse,https://www.emploi-collectivites.fr/grille-indiciaire-etat-chef-service-educatif-protection-judiciaire-jeunesse/1/5683.htm,1,548,466,2 ans,"2 183,69 €",A,,
1651680765-1917,https://www.emploi-collectivites.fr/grille-indiciaire-etat,Maître des requêtes du Conseil d'Etat -CE,https://www.emploi-collectivites.fr/grille-indiciaire-etat-maitre-requetes-conseil/1/5663.htm,2,862,705,2 ans,"3 303,65 €",A,,
1651682511-11938,https://www.emploi-collectivites.fr/grille-indiciaire-etat,Secrétaire administratif des administrations de l'Etat,https://www.emploi-collectivites.fr/grille-indiciaire-etat-secretaire-administratif-administrations/1/5052.htm,3,388,355,2 ans,"1 663,54 €",,B,
1651680842-2994,https://www.emploi-collectivites.fr/grille-indiciaire-etat,Chef de service éducatif de la protection judiciaire de la jeunesse,https://www.emploi-collectivites.fr/grille-indiciaire-etat-chef-service-educatif-protection-judiciaire-jeunesse/1/5683.htm,4,626,525,2 ans,"2 460,16 €",A,,
1651682562-12318,https://www.emploi-collectivites.fr/grille-indiciaire-etat,Administrateur de l'Etat,https://www.emploi-collectivites.fr/grille-indiciaire-etat-administrateur/1/5048.htm,,HED2,-,1 an,"5 745,07 €",A,,
1651682511-11947,https://www.emploi-collectivites.fr/grille-indiciaire-etat,Secrétaire administratif des administrations de l'Etat,https://www.emploi-collectivites.fr/grille-indiciaire-etat-secretaire-administratif-administrations/1/5052.htm,12,563,477,4 ans,"2 235,23 €",,B,
1651680771-2042,https://www.emploi-collectivites.fr/grille-indiciaire-etat,Magistrat du tribunal administratif et cour administrative d’appel,https://www.emploi-collectivites.fr/grille-indiciaire-etat-magistrat-tribunal-administratif-cour-administrative-appel/1/6117.htm,,HEB3,-,1 an,"4 999,99 €",A,,
1651680778-2137,https://www.emploi-collectivites.fr/grille-indiciaire-etat,Magistrat du premier grade de l'ordre judiciaire,https://www.emploi-collectivites.fr/grille-indiciaire-etat-magistrat-premier-grade-ordre-judiciaire/1/5672.htm,4,977,792,1 an 6 mois,"3 711,33 €",A,,
1651682511-11922,https://www.emploi-collectivites.fr/grille-indiciaire-etat,Secrétaire administratif des administrations de l'Etat,https://www.emploi-collectivites.fr/grille-indiciaire-etat-secretaire-administratif-administrations/1/5052.htm,11,707,587,-,"2 750,70 €",,B,
1651680765-1919,https://www.emploi-collectivites.fr/grille-indiciaire-etat,Maître des requêtes du Conseil d'Etat -CE,https://www.emploi-collectivites.fr/grille-indiciaire-etat-maitre-requetes-conseil/1/5663.htm,4,977,792,2 ans,"3 711,33 €",A,,
1651681743-7470,https://www.emploi-collectivites.fr/grille-indiciaire-etat,Administrateur de l'éducation nationale et de la Jeunesse,https://www.emploi-collectivites.fr/grille-indiciaire-etat-administrateur-education-nationale-jeunesse/1/5627.htm,1,813,667,1 an,"3 125,58 €",A,,
1651682511-11918,https://www.emploi-collectivites.fr/grille-indiciaire-etat,Secrétaire administratif des administrations de l'Etat,https://www.emploi-collectivites.fr/grille-indiciaire-etat-secretaire-administratif-administrations/1/5052.htm,7,604,508,3 ans,"2 380,50 €",,B,
1651682511-11936,https://www.emploi-collectivites.fr/grille-indiciaire-etat,Secrétaire administratif des administrations de l'Etat,https://www.emploi-collectivites.fr/grille-indiciaire-etat-secretaire-administratif-administrations/1/5052.htm,1,372,343,2 ans,"1 607,31 €",,B,
1651682562-12314,https://www.emploi-collectivites.fr/grille-indiciaire-etat,Administrateur de l'Etat,https://www.emploi-collectivites.fr/grille-indiciaire-etat-administrateur/1/5048.htm,5,HEC,-,1 an,"5 267,09 €",A,,
1651682562-12324,https://www.emploi-collectivites.fr/grille-indiciaire-etat,Administrateur de l'Etat,https://www.emploi-collectivites.fr/grille-indiciaire-etat-administrateur/1/5048.htm,5,1027,830,3 ans,"3 889,40 €",A,,
1651682511-11939,https://www.emploi-collectivites.fr/grille-indiciaire-etat,Secrétaire administratif des administrations de l'Etat,https://www.emploi-collectivites.fr/grille-indiciaire-etat-secretaire-administratif-administrations/1/5052.htm,4,397,361,2 ans,"1 691,66 €",,B,
1651682562-12332,https://www.emploi-collectivites.fr/grille-indiciaire-etat,Administrateur de l'Etat,https://www.emploi-collectivites.fr/grille-indiciaire-etat-administrateur/1/5048.htm,,HEBbis2,-,1 an,"5 131,20 €",A,,
1651680842-2996,https://www.emploi-collectivites.fr/grille-indiciaire-etat,Chef de service éducatif de la protection judiciaire de la jeunesse,https://www.emploi-collectivites.fr/grille-indiciaire-etat-chef-service-educatif-protection-judiciaire-jeunesse/1/5683.htm,6,680,566,2 ans 6 mois,"2 652,29 €",A,,
1651682511-11931,https://www.emploi-collectivites.fr/grille-indiciaire-etat,Secrétaire administratif des administrations de l'Etat,https://www.emploi-collectivites.fr/grille-indiciaire-etat-secretaire-administratif-administrations/1/5052.htm,9,528,452,3 ans,"2 118,08 €",,B,
1651680830-2825,https://www.emploi-collectivites.fr/grille-indiciaire-etat,Coordonnateur de formation de l'Ecole nationale de la magistrature (ENM),https://www.emploi-collectivites.fr/grille-indiciaire-etat-coordonnateur-formation-ecole-nationale-magistrature-enm/1/6246.htm,6,HEA,-,1 an,"4 170,56 €",A,,
1651682511-11915,https://www.emploi-collectivites.fr/grille-indiciaire-etat,Secrétaire administratif des administrations de l'Etat,https://www.emploi-collectivites.fr/grille-indiciaire-etat-secretaire-administratif-administrations/1/5052.htm,4,513,441,2 ans,"2 066,54 €",,B,
1651682562-12309,https://www.emploi-collectivites.fr/grille-indiciaire-etat,Administrateur de l'Etat,https://www.emploi-collectivites.fr/grille-indiciaire-etat-administrateur/1/5048.htm,,HEB2,-,1 an,"4 746,94 €",A,,
1651680771-2055,https://www.emploi-collectivites.fr/grille-indiciaire-etat,Magistrat du tribunal administratif et cour administrative d’appel,https://www.emploi-collectivites.fr/grille-indiciaire-etat-magistrat-tribunal-administratif-cour-administrative-appel/1/6117.htm,2,813,667,1 an,"3 125,58 €",A,,
1651681679-7276,https://www.emploi-collectivites.fr/grille-indiciaire-etat,Chargé de mission de la recherche du CNRS,https://www.emploi-collectivites.fr/grille-indiciaire-etat-charge-mission-recherche-cnrs/1/5561.htm,,,,,,,,
1651682562-12306,https://www.emploi-collectivites.fr/grille-indiciaire-etat,Administrateur de l'Etat,https://www.emploi-collectivites.fr/grille-indiciaire-etat-administrateur/1/5048.htm,,HEA2,-,1 an,"4 334,57 €",A,,
1651680776-2109,https://www.emploi-collectivites.fr/grille-indiciaire-etat,Magistrat du second grade de l'ordre judiciaire,https://www.emploi-collectivites.fr/grille-indiciaire-etat-magistrat-second-grade-ordre-judiciaire/1/6240.htm,4,713,591,2 ans,"2 769,44 €",A,,
1651680773-2104,https://www.emploi-collectivites.fr/grille-indiciaire-etat,Magistrat du second grade provisoire de l'ordre judiciaire,https://www.emploi-collectivites.fr/grille-indiciaire-etat-magistrat-second-grade-provisoire-ordre-judiciaire/1/6239.htm,9,977,792,4 ans,"3 711,33 €",A,,
1651682511-11933,https://www.emploi-collectivites.fr/grille-indiciaire-etat,Secrétaire administratif des administrations de l'Etat,https://www.emploi-collectivites.fr/grille-indiciaire-etat-secretaire-administratif-administrations/1/5052.htm,11,567,480,3 ans,"2 249,29 €",,B,
1651682562-12321,https://www.emploi-collectivites.fr/grille-indiciaire-etat,Administrateur de l'Etat,https://www.emploi-collectivites.fr/grille-indiciaire-etat-administrateur/1/5048.htm,2,862,705,2 ans,"3 303,65 €",A,,
1651680778-2145,https://www.emploi-collectivites.fr/grille-indiciaire-etat,Magistrat du premier grade de l'ordre judiciaire,https://www.emploi-collectivites.fr/grille-indiciaire-etat-magistrat-premier-grade-ordre-judiciaire/1/5672.htm,8,HEBbis,-,1 an,"4 999,99 €",A,,
1651680771-2039,https://www.emploi-collectivites.fr/grille-indiciaire-etat,Magistrat du tribunal administratif et cour administrative d’appel,https://www.emploi-collectivites.fr/grille-indiciaire-etat-magistrat-tribunal-administratif-cour-administrative-appel/1/6117.htm,,HEA3,-,8 mois,"4 554,82 €",A,,
1651682511-11913,https://www.emploi-collectivites.fr/grille-indiciaire-etat,Secrétaire administratif des administrations de l'Etat,https://www.emploi-collectivites.fr/grille-indiciaire-etat-secretaire-administratif-administrations/1/5052.htm,2,461,404,2 ans,"1 893,15 €",,B,
1651680771-2047,https://www.emploi-collectivites.fr/grille-indiciaire-etat,Magistrat du tribunal administratif et cour administrative d’appel,https://www.emploi-collectivites.fr/grille-indiciaire-etat-magistrat-tribunal-administratif-cour-administrative-appel/1/6117.htm,,HEC2,-,1 an,"5 379,56 €",A,,
1651680830-2828,https://www.emploi-collectivites.fr/grille-indiciaire-etat,Coordonnateur de formation de l'Ecole nationale de la magistrature (ENM),https://www.emploi-collectivites.fr/grille-indiciaire-etat-coordonnateur-formation-ecole-nationale-magistrature-enm/1/6246.htm,7,HEB,-,1 an,"4 554,82 €",A,,
1651682511-11935,https://www.emploi-collectivites.fr/grille-indiciaire-etat,Secrétaire administratif des administrations de l'Etat,https://www.emploi-collectivites.fr/grille-indiciaire-etat-secretaire-administratif-administrations/1/5052.htm,13,638,534,-,"2 502,34 €",,B,
1651682562-12328,https://www.emploi-collectivites.fr/grille-indiciaire-etat,Administrateur de l'Etat,https://www.emploi-collectivites.fr/grille-indiciaire-etat-administrateur/1/5048.htm,7,HEB,-,1 an,"4 554,82 €",A,,
1651680842-2997,https://www.emploi-collectivites.fr/grille-indiciaire-etat,Chef de service éducatif de la protection judiciaire de la jeunesse,https://www.emploi-collectivites.fr/grille-indiciaire-etat-chef-service-educatif-protection-judiciaire-jeunesse/1/5683.htm,7,709,588,2 ans 6 mois,"2 755,38 €",A,,
1651682511-11942,https://www.emploi-collectivites.fr/grille-indiciaire-etat,Secrétaire administratif des administrations de l'Etat,https://www.emploi-collectivites.fr/grille-indiciaire-etat-secretaire-administratif-administrations/1/5052.htm,7,452,396,2 ans,"1 855,67 €",,B,
1651682562-12342,https://www.emploi-collectivites.fr/grille-indiciaire-etat,Administrateur de l'Etat,https://www.emploi-collectivites.fr/grille-indiciaire-etat-administrateur/1/5048.htm,9,977,792,3 ans,"3 711,33 €",A,,
1651680773-2102,https://www.emploi-collectivites.fr/grille-indiciaire-etat,Magistrat du second grade provisoire de l'ordre judiciaire,https://www.emploi-collectivites.fr/grille-indiciaire-etat-magistrat-second-grade-provisoire-ordre-judiciaire/1/6239.htm,7,862,705,3 ans,"3 303,65 €",A,,
1651682562-12329,https://www.emploi-collectivites.fr/grille-indiciaire-etat,Administrateur de l'Etat,https://www.emploi-collectivites.fr/grille-indiciaire-etat-administrateur/1/5048.htm,,HEB2,-,1 an,"4 746,94 €",A,,
1651682562-12337,https://www.emploi-collectivites.fr/grille-indiciaire-etat,Administrateur de l'Etat,https://www.emploi-collectivites.fr/grille-indiciaire-etat-administrateur/1/5048.htm,4,713,591,1 an,"2 769,44 €",A,,
1651682562-12343,https://www.emploi-collectivites.fr/grille-indiciaire-etat,Administrateur de l'Etat,https://www.emploi-collectivites.fr/grille-indiciaire-etat-administrateur/1/5048.htm,10,1015,821,,"3 847,23 €",A,,
1651680773-2097,https://www.emploi-collectivites.fr/grille-indiciaire-etat,Magistrat du second grade provisoire de l'ordre judiciaire,https://www.emploi-collectivites.fr/grille-indiciaire-etat-magistrat-second-grade-provisoire-ordre-judiciaire/1/6239.htm,2,600,505,1 an 6 mois,"2 366,44 €",A,,
1651680830-2827,https://www.emploi-collectivites.fr/grille-indiciaire-etat,Coordonnateur de formation de l'Ecole nationale de la magistrature (ENM),https://www.emploi-collectivites.fr/grille-indiciaire-etat-coordonnateur-formation-ecole-nationale-magistrature-enm/1/6246.htm,,HEA3,-,1 an,"4 554,82 €",A,,
1651680765-1920,https://www.emploi-collectivites.fr/grille-indiciaire-etat,Maître des requêtes du Conseil d'Etat -CE,https://www.emploi-collectivites.fr/grille-indiciaire-etat-maitre-requetes-conseil/1/5663.htm,5,1027,830,2 ans,"3 889,40 €",A,,
1651682511-11940,https://www.emploi-collectivites.fr/grille-indiciaire-etat,Secrétaire administratif des administrations de l'Etat,https://www.emploi-collectivites.fr/grille-indiciaire-etat-secretaire-administratif-administrations/1/5052.htm,5,415,369,2 ans,"1 729,14 €",,B,
1651680771-2074,https://www.emploi-collectivites.fr/grille-indiciaire-etat,Magistrat du tribunal administratif et cour administrative d’appel,https://www.emploi-collectivites.fr/grille-indiciaire-etat-magistrat-tribunal-administratif-cour-administrative-appel/1/6117.htm,7,762,628,-,"2 942,82 €",A,,
1651680771-2065,https://www.emploi-collectivites.fr/grille-indiciaire-etat,Magistrat du tribunal administratif et cour administrative d’appel,https://www.emploi-collectivites.fr/grille-indiciaire-etat-magistrat-tribunal-administratif-cour-administrative-appel/1/6117.htm,8,HEBbis,-,1 an,"4 999,99 €",A,,
1651682562-12313,https://www.emploi-collectivites.fr/grille-indiciaire-etat,Administrateur de l'Etat,https://www.emploi-collectivites.fr/grille-indiciaire-etat-administrateur/1/5048.htm,,HEBbis3,-,1 an,"5 267,09 €",A,,
1651680771-2063,https://www.emploi-collectivites.fr/grille-indiciaire-etat,Magistrat du tribunal administratif et cour administrative d’appel,https://www.emploi-collectivites.fr/grille-indiciaire-etat-magistrat-tribunal-administratif-cour-administrative-appel/1/6117.htm,,HEB2,-,1 an,"4 746,94 €",A,,
1651680773-2105,https://www.emploi-collectivites.fr/grille-indiciaire-etat,Magistrat du second grade provisoire de l'ordre judiciaire,https://www.emploi-collectivites.fr/grille-indiciaire-etat-magistrat-second-grade-provisoire-ordre-judiciaire/1/6239.htm,10,1027,830,-,"3 889,40 €",A,,
1651682511-11924,https://www.emploi-collectivites.fr/grille-indiciaire-etat,Secrétaire administratif des administrations de l'Etat,https://www.emploi-collectivites.fr/grille-indiciaire-etat-secretaire-administratif-administrations/1/5052.htm,2,399,362,2 ans,"1 696,34 €",,B,
1651680778-2138,https://www.emploi-collectivites.fr/grille-indiciaire-etat,Magistrat du premier grade de l'ordre judiciaire,https://www.emploi-collectivites.fr/grille-indiciaire-etat-magistrat-premier-grade-ordre-judiciaire/1/5672.htm,5,1027,830,2 ans,"3 889,40 €",A,,
1651680765-1918,https://www.emploi-collectivites.fr/grille-indiciaire-etat,Maître des requêtes du Conseil d'Etat -CE,https://www.emploi-collectivites.fr/grille-indiciaire-etat-maitre-requetes-conseil/1/5663.htm,3,912,743,2 ans,"3 481,72 €",A,,
1651680778-2143,https://www.emploi-collectivites.fr/grille-indiciaire-etat,Magistrat du premier grade de l'ordre judiciaire,https://www.emploi-collectivites.fr/grille-indiciaire-etat-magistrat-premier-grade-ordre-judiciaire/1/5672.htm,,HEB2,-,1 an,"4 746,94 €",A,,
1651680830-2821,https://www.emploi-collectivites.fr/grille-indiciaire-etat,Coordonnateur de formation de l'Ecole nationale de la magistrature (ENM),https://www.emploi-collectivites.fr/grille-indiciaire-etat-coordonnateur-formation-ecole-nationale-magistrature-enm/1/6246.htm,2,862,705,1 an 6 mois,"3 303,65 €",A,,
1651682511-11921,https://www.emploi-collectivites.fr/grille-indiciaire-etat,Secrétaire administratif des administrations de l'Etat,https://www.emploi-collectivites.fr/grille-indiciaire-etat-secretaire-administratif-administrations/1/5052.htm,10,684,569,3 ans,"2 666,35 €",,B,
1651682562-12311,https://www.emploi-collectivites.fr/grille-indiciaire-etat,Administrateur de l'Etat,https://www.emploi-collectivites.fr/grille-indiciaire-etat-administrateur/1/5048.htm,4,HEBBis,-,1 an,"4 999,99 €",A,,
1651681743-7472,https://www.emploi-collectivites.fr/grille-indiciaire-etat,Administrateur de l'éducation nationale et de la Jeunesse,https://www.emploi-collectivites.fr/grille-indiciaire-etat-administrateur-education-nationale-jeunesse/1/5627.htm,3,883,720,1 an 6 mois,"3 373,94 €",A,,
1651682511-11912,https://www.emploi-collectivites.fr/grille-indiciaire-etat,Secrétaire administratif des administrations de l'Etat,https://www.emploi-collectivites.fr/grille-indiciaire-etat-secretaire-administratif-administrations/1/5052.htm,1,446,392,1 an,"1 836,92 €",,B,
1651682562-12307,https://www.emploi-collectivites.fr/grille-indiciaire-etat,Administrateur de l'Etat,https://www.emploi-collectivites.fr/grille-indiciaire-etat-administrateur/1/5048.htm,,HEA3,-,1 an,"4 554,82 €",A,,
1651680771-2064,https://www.emploi-collectivites.fr/grille-indiciaire-etat,Magistrat du tribunal administratif et cour administrative d’appel,https://www.emploi-collectivites.fr/grille-indiciaire-etat-magistrat-tribunal-administratif-cour-administrative-appel/1/6117.htm,,HEB3,-,1 an,"4 999,99 €",A,,
1651682562-12330,https://www.emploi-collectivites.fr/grille-indiciaire-etat,Administrateur de l'Etat,https://www.emploi-collectivites.fr/grille-indiciaire-etat-administrateur/1/5048.htm,,HEB3,-,2 ans,"4 999,99 €",A,,
1651680765-1916,https://www.emploi-collectivites.fr/grille-indiciaire-etat,Maître des requêtes du Conseil d'Etat -CE,https://www.emploi-collectivites.fr/grille-indiciaire-etat-maitre-requetes-conseil/1/5663.htm,1,813,667,2 ans,"3 125,58 €",A,,
1651682511-11920,https://www.emploi-collectivites.fr/grille-indiciaire-etat,Secrétaire administratif des administrations de l'Etat,https://www.emploi-collectivites.fr/grille-indiciaire-etat-secretaire-administratif-administrations/1/5052.htm,9,660,551,3 ans,"2 582,00 €",,B,
1651682511-11937,https://www.emploi-collectivites.fr/grille-indiciaire-etat,Secrétaire administratif des administrations de l'Etat,https://www.emploi-collectivites.fr/grille-indiciaire-etat-secretaire-administratif-administrations/1/5052.htm,2,379,349,2 ans,"1 635,42 €",,B,
1651682562-12319,https://www.emploi-collectivites.fr/grille-indiciaire-etat,Administrateur de l'Etat,https://www.emploi-collectivites.fr/grille-indiciaire-etat-administrateur/1/5048.htm,,HED3,-,-,"5 993,43 €",A,,
1651681743-7477,https://www.emploi-collectivites.fr/grille-indiciaire-etat,Administrateur de l'éducation nationale et de la Jeunesse,https://www.emploi-collectivites.fr/grille-indiciaire-etat-administrateur-education-nationale-jeunesse/1/5627.htm,,HEA2,-,1 an,"4 334,57 €",A,,
1651682511-11944,https://www.emploi-collectivites.fr/grille-indiciaire-etat,Secrétaire administratif des administrations de l'Etat,https://www.emploi-collectivites.fr/grille-indiciaire-etat-secretaire-administratif-administrations/1/5052.htm,9,500,431,3 ans,"2 019,68 €",,B,
1651680842-2999,https://www.emploi-collectivites.fr/grille-indiciaire-etat,Chef de service éducatif de la protection judiciaire de la jeunesse,https://www.emploi-collectivites.fr/grille-indiciaire-etat-chef-service-educatif-protection-judiciaire-jeunesse/1/5683.htm,9,776,638,,"2 989,68 €",A,,
1651682511-11943,https://www.emploi-collectivites.fr/grille-indiciaire-etat,Secrétaire administratif des administrations de l'Etat,https://www.emploi-collectivites.fr/grille-indiciaire-etat-secretaire-administratif-administrations/1/5052.htm,8,478,415,3 ans,"1 944,70 €",,B,
1651680842-2993,https://www.emploi-collectivites.fr/grille-indiciaire-etat,Chef de service éducatif de la protection judiciaire de la jeunesse,https://www.emploi-collectivites.fr/grille-indiciaire-etat-chef-service-educatif-protection-judiciaire-jeunesse/1/5683.htm,3,590,498,2 ans,"2 333,64 €",A,,
1651682511-11927,https://www.emploi-collectivites.fr/grille-indiciaire-etat,Secrétaire administratif des administrations de l'Etat,https://www.emploi-collectivites.fr/grille-indiciaire-etat-secretaire-administratif-administrations/1/5052.htm,5,444,390,2 ans,"1 827,55 €",,B,
1651682562-12335,https://www.emploi-collectivites.fr/grille-indiciaire-etat,Administrateur de l'Etat,https://www.emploi-collectivites.fr/grille-indiciaire-etat-administrateur/1/5048.htm,2,600,505,1 an,"2 366,44 €",A,,
1651680771-2044,https://www.emploi-collectivites.fr/grille-indiciaire-etat,Magistrat du tribunal administratif et cour administrative d’appel,https://www.emploi-collectivites.fr/grille-indiciaire-etat-magistrat-tribunal-administratif-cour-administrative-appel/1/6117.htm,,HEBbis,-,1 an,"4 999,99 €",A,,
1651682511-11919,https://www.emploi-collectivites.fr/grille-indiciaire-etat,Secrétaire administratif des administrations de l'Etat,https://www.emploi-collectivites.fr/grille-indiciaire-etat-secretaire-administratif-administrations/1/5052.htm,8,638,534,3 ans,"2 502,34 €",,B,
1651680842-2992,https://www.emploi-collectivites.fr/grille-indiciaire-etat,Chef de service éducatif de la protection judiciaire de la jeunesse,https://www.emploi-collectivites.fr/grille-indiciaire-etat-chef-service-educatif-protection-judiciaire-jeunesse/1/5683.htm,2,572,483,2 ans,"2 263,35 €",A,,
1651682562-12338,https://www.emploi-collectivites.fr/grille-indiciaire-etat,Administrateur de l'Etat,https://www.emploi-collectivites.fr/grille-indiciaire-etat-administrateur/1/5048.htm,5,762,628,1 an 6 mois,"2 942,82 €",A,,
1651680830-2829,https://www.emploi-collectivites.fr/grille-indiciaire-etat,Coordonnateur de formation de l'Ecole nationale de la magistrature (ENM),https://www.emploi-collectivites.fr/grille-indiciaire-etat-coordonnateur-formation-ecole-nationale-magistrature-enm/1/6246.htm,,HEB2,-,1 an,"4 746,94 €",A,,
1651682511-11945,https://www.emploi-collectivites.fr/grille-indiciaire-etat,Secrétaire administratif des administrations de l'Etat,https://www.emploi-collectivites.fr/grille-indiciaire-etat-secretaire-administratif-administrations/1/5052.htm,10,513,441,3 ans,"2 066,54 €",,B,
1651682562-12339,https://www.emploi-collectivites.fr/grille-indiciaire-etat,Administrateur de l'Etat,https://www.emploi-collectivites.fr/grille-indiciaire-etat-administrateur/1/5048.htm,6,813,667,2 ans,"3 125,58 €",A,,
1651680830-2833,https://www.emploi-collectivites.fr/grille-indiciaire-etat,Coordonnateur de formation de l'Ecole nationale de la magistrature (ENM),https://www.emploi-collectivites.fr/grille-indiciaire-etat-coordonnateur-formation-ecole-nationale-magistrature-enm/1/6246.htm,,HEC3,-,-,"5 496,71 €",A,,
1651682562-12312,https://www.emploi-collectivites.fr/grille-indiciaire-etat,Administrateur de l'Etat,https://www.emploi-collectivites.fr/grille-indiciaire-etat-administrateur/1/5048.htm,,HEBbis2,-,1 an,"5 131,20 €",A,,
1651680771-2056,https://www.emploi-collectivites.fr/grille-indiciaire-etat,Magistrat du tribunal administratif et cour administrative d’appel,https://www.emploi-collectivites.fr/grille-indiciaire-etat-magistrat-tribunal-administratif-cour-administrative-appel/1/6117.htm,3,883,720,2 ans,"3 373,94 €",A,,
1651682084-9247,https://www.emploi-collectivites.fr/grille-indiciaire-etat,Chargé de mission au Ministère de l'Economie et des Finances,https://www.emploi-collectivites.fr/grille-indiciaire-etat-charge-mission-ministere-economie-finances/1/5276.htm,,,,,,,,
1651680778-2142,https://www.emploi-collectivites.fr/grille-indiciaire-etat,Magistrat du premier grade de l'ordre judiciaire,https://www.emploi-collectivites.fr/grille-indiciaire-etat-magistrat-premier-grade-ordre-judiciaire/1/5672.htm,7,HEB,-,1 an,"4 554,82 €",A,,
1651680752-1734,https://www.emploi-collectivites.fr/grille-indiciaire-etat,Secrétaire général du Conseil d'Etat-CE,https://www.emploi-collectivites.fr/grille-indiciaire-etat-secretaire-general-conseil/1/5692.htm,1,HEBbis,-,1 an,"4 999,99 €",A,,
1651681743-7473,https://www.emploi-collectivites.fr/grille-indiciaire-etat,Administrateur de l'éducation nationale et de la Jeunesse,https://www.emploi-collectivites.fr/grille-indiciaire-etat-administrateur-education-nationale-jeunesse/1/5627.htm,4,912,743,2 ans 6 mois,"3 481,72 €",A,,
1651680983-4454,https://www.emploi-collectivites.fr/grille-indiciaire-etat,Secrétaire général des Terres australes et antarctiques française,https://www.emploi-collectivites.fr/grille-indiciaire-etat-secretaire-general-terres-australes-antarctiques-francaise/1/5657.htm,,,,,,,,
1651680771-2045,https://www.emploi-collectivites.fr/grille-indiciaire-etat,Magistrat du tribunal administratif et cour administrative d’appel,https://www.emploi-collectivites.fr/grille-indiciaire-etat-magistrat-tribunal-administratif-cour-administrative-appel/1/6117.htm,,HEBbis,-,1 an,"4 999,99 €",A,,
1651682136-9484,https://www.emploi-collectivites.fr/grille-indiciaire-etat,Administrateur des postes et télécommunications,https://www.emploi-collectivites.fr/grille-indiciaire-etat-administrateur-postes-telecommunications/1/5698.htm,,,,,,,,
1651680842-2998,https://www.emploi-collectivites.fr/grille-indiciaire-etat,Chef de service éducatif de la protection judiciaire de la jeunesse,https://www.emploi-collectivites.fr/grille-indiciaire-etat-chef-service-educatif-protection-judiciaire-jeunesse/1/5683.htm,8,734,607,3 ans,"2 844,42 €",A,,
1651680771-2043,https://www.emploi-collectivites.fr/grille-indiciaire-etat,Magistrat du tribunal administratif et cour administrative d’appel,https://www.emploi-collectivites.fr/grille-indiciaire-etat-magistrat-tribunal-administratif-cour-administrative-appel/1/6117.htm,4,HEBbis,-,1 an,"4 999,99 €",A,,
1651682511-11948,https://www.emploi-collectivites.fr/grille-indiciaire-etat,Secrétaire administratif des administrations de l'Etat,https://www.emploi-collectivites.fr/grille-indiciaire-etat-secretaire-administratif-administrations/1/5052.htm,13,597,503,-,"2 357,07 €",,B,
1651680771-2067,https://www.emploi-collectivites.fr/grille-indiciaire-etat,Magistrat du tribunal administratif et cour administrative d’appel,https://www.emploi-collectivites.fr/grille-indiciaire-etat-magistrat-tribunal-administratif-cour-administrative-appel/1/6117.htm,,HEBbis3,-,-,"5 267,09 €",A,,
1651682511-11928,https://www.emploi-collectivites.fr/grille-indiciaire-etat,Secrétaire administratif des administrations de l'Etat,https://www.emploi-collectivites.fr/grille-indiciaire-etat-secretaire-administratif-administrations/1/5052.htm,6,458,401,2 ans,"1 879,10 €",,B,
1651680771-2038,https://www.emploi-collectivites.fr/grille-indiciaire-etat,Magistrat du tribunal administratif et cour administrative d’appel,https://www.emploi-collectivites.fr/grille-indiciaire-etat-magistrat-tribunal-administratif-cour-administrative-appel/1/6117.htm,,HEA2,-,8 mois,"4 334,57 €",A,,
1651682562-12334,https://www.emploi-collectivites.fr/grille-indiciaire-etat,Administrateur de l'Etat,https://www.emploi-collectivites.fr/grille-indiciaire-etat-administrateur/1/5048.htm,1,542,461,6 mois,"2 160,26 €",A,,
1651680771-2068,https://www.emploi-collectivites.fr/grille-indiciaire-etat,Magistrat du tribunal administratif et cour administrative d’appel,https://www.emploi-collectivites.fr/grille-indiciaire-etat-magistrat-tribunal-administratif-cour-administrative-appel/1/6117.htm,1,441,388,1 an,"1 818,18 €",A,,
1651680771-2061,https://www.emploi-collectivites.fr/grille-indiciaire-etat,Magistrat du tribunal administratif et cour administrative d’appel,https://www.emploi-collectivites.fr/grille-indiciaire-etat-magistrat-tribunal-administratif-cour-administrative-appel/1/6117.htm,,HEA3,-,1 an,"4 554,82 €",A,,
1651680771-2066,https://www.emploi-collectivites.fr/grille-indiciaire-etat,Magistrat du tribunal administratif et cour administrative d’appel,https://www.emploi-collectivites.fr/grille-indiciaire-etat-magistrat-tribunal-administratif-cour-administrative-appel/1/6117.htm,,HEBbis2,-,1 an,"5 131,20 €",A,,
1651682562-12327,https://www.emploi-collectivites.fr/grille-indiciaire-etat,Administrateur de l'Etat,https://www.emploi-collectivites.fr/grille-indiciaire-etat-administrateur/1/5048.htm,,HEA3,-,1 an,"4 554,82 €",A,,
1651680771-2053,https://www.emploi-collectivites.fr/grille-indiciaire-etat,Magistrat du tribunal administratif et cour administrative d’appel,https://www.emploi-collectivites.fr/grille-indiciaire-etat-magistrat-tribunal-administratif-cour-administrative-appel/1/6117.htm,,HEE2,-,-,"6 227,73 €",A,,
1651682562-12323,https://www.emploi-collectivites.fr/grille-indiciaire-etat,Administrateur de l'Etat,https://www.emploi-collectivites.fr/grille-indiciaire-etat-administrateur/1/5048.htm,4,977,792,3 ans,"3 711,33 €",A,,
1651682511-11930,https://www.emploi-collectivites.fr/grille-indiciaire-etat,Secrétaire administratif des administrations de l'Etat,https://www.emploi-collectivites.fr/grille-indiciaire-etat-secretaire-administratif-administrations/1/5052.htm,8,506,436,3 ans,"2 043,11 €",,B,
1651680771-2040,https://www.emploi-collectivites.fr/grille-indiciaire-etat,Magistrat du tribunal administratif et cour administrative d’appel,https://www.emploi-collectivites.fr/grille-indiciaire-etat-magistrat-tribunal-administratif-cour-administrative-appel/1/6117.htm,3,HEB,-,1 an,"4 554,82 €",A,,
1651680773-2100,https://www.emploi-collectivites.fr/grille-indiciaire-etat,Magistrat du second grade provisoire de l'ordre judiciaire,https://www.emploi-collectivites.fr/grille-indiciaire-etat-magistrat-second-grade-provisoire-ordre-judiciaire/1/6239.htm,5,762,628,2 ans,"2 942,82 €",A,,
1651682511-11916,https://www.emploi-collectivites.fr/grille-indiciaire-etat,Secrétaire administratif des administrations de l'Etat,https://www.emploi-collectivites.fr/grille-indiciaire-etat-secretaire-administratif-administrations/1/5052.htm,5,547,465,2 ans,"2 179,00 €",,B,
1651682562-12315,https://www.emploi-collectivites.fr/grille-indiciaire-etat,Administrateur de l'Etat,https://www.emploi-collectivites.fr/grille-indiciaire-etat-administrateur/1/5048.htm,,HEC2,-,1 an,"5 379,56 €",A,,
1651682049-9019,https://www.emploi-collectivites.fr/grille-indiciaire-etat,Chef de service comptable du Trésor public,https://www.emploi-collectivites.fr/grille-indiciaire-etat-chef-service-comptable-tresor-public/1/5283.htm,,,,,,,,
1651680778-2140,https://www.emploi-collectivites.fr/grille-indiciaire-etat,Magistrat du premier grade de l'ordre judiciaire,https://www.emploi-collectivites.fr/grille-indiciaire-etat-magistrat-premier-grade-ordre-judiciaire/1/5672.htm,,HEA2,-,1 an,"4 334,57 €",A,,
1651682562-12320,https://www.emploi-collectivites.fr/grille-indiciaire-etat,Administrateur de l'Etat,https://www.emploi-collectivites.fr/grille-indiciaire-etat-administrateur/1/5048.htm,1,813,667,2 ans,"3 125,58 €",A,,
1651680771-2036,https://www.emploi-collectivites.fr/grille-indiciaire-etat,Magistrat du tribunal administratif et cour administrative d’appel,https://www.emploi-collectivites.fr/grille-indiciaire-etat-magistrat-tribunal-administratif-cour-administrative-appel/1/6117.htm,1,1027,830,2 ans,"3 889,40 €",A,,
1651680771-2062,https://www.emploi-collectivites.fr/grille-indiciaire-etat,Magistrat du tribunal administratif et cour administrative d’appel,https://www.emploi-collectivites.fr/grille-indiciaire-etat-magistrat-tribunal-administratif-cour-administrative-appel/1/6117.htm,7,HEB,-,1 an,"4 554,82 €",A,,
1651682562-12308,https://www.emploi-collectivites.fr/grille-indiciaire-etat,Administrateur de l'Etat,https://www.emploi-collectivites.fr/grille-indiciaire-etat-administrateur/1/5048.htm,3,HEB,-,1 an,"4 554,82 €",A,,
1651680771-2051,https://www.emploi-collectivites.fr/grille-indiciaire-etat,Magistrat du tribunal administratif et cour administrative d’appel,https://www.emploi-collectivites.fr/grille-indiciaire-etat-magistrat-tribunal-administratif-cour-administrative-appel/1/6117.htm,,HED3,-,1 an,"5 993,43 €",A,,
1651680778-2136,https://www.emploi-collectivites.fr/grille-indiciaire-etat,Magistrat du premier grade de l'ordre judiciaire,https://www.emploi-collectivites.fr/grille-indiciaire-etat-magistrat-premier-grade-ordre-judiciaire/1/5672.htm,3,912,743,1 an 6 mois,"3 481,72 €",A,,
1651680776-2106,https://www.emploi-collectivites.fr/grille-indiciaire-etat,Magistrat du second grade de l'ordre judiciaire,https://www.emploi-collectivites.fr/grille-indiciaire-etat-magistrat-second-grade-ordre-judiciaire/1/6240.htm,1,542,461,1 an,"2 160,26 €",A,,
1651680773-2096,https://www.emploi-collectivites.fr/grille-indiciaire-etat,Magistrat du second grade provisoire de l'ordre judiciaire,https://www.emploi-collectivites.fr/grille-indiciaire-etat-magistrat-second-grade-provisoire-ordre-judiciaire/1/6239.htm,1,542,461,1 an 6 mois,"2 160,26 €",A,,
1651680771-2060,https://www.emploi-collectivites.fr/grille-indiciaire-etat,Magistrat du tribunal administratif et cour administrative d’appel,https://www.emploi-collectivites.fr/grille-indiciaire-etat-magistrat-tribunal-administratif-cour-administrative-appel/1/6117.htm,,HEA2,-,1 an,"4 334,57 €",A,,
1651680771-2052,https://www.emploi-collectivites.fr/grille-indiciaire-etat,Magistrat du tribunal administratif et cour administrative d’appel,https://www.emploi-collectivites.fr/grille-indiciaire-etat-magistrat-tribunal-administratif-cour-administrative-appel/1/6117.htm,7,HEE,-,1 an,"5 993,43 €",A,,
1651680778-2144,https://www.emploi-collectivites.fr/grille-indiciaire-etat,Magistrat du premier grade de l'ordre judiciaire,https://www.emploi-collectivites.fr/grille-indiciaire-etat-magistrat-premier-grade-ordre-judiciaire/1/5672.htm,,HEB3,-,1 an,"4 999,99 €",A,,
1651681743-7471,https://www.emploi-collectivites.fr/grille-indiciaire-etat,Administrateur de l'éducation nationale et de la Jeunesse,https://www.emploi-collectivites.fr/grille-indiciaire-etat-administrateur-education-nationale-jeunesse/1/5627.htm,2,853,697,1 an 6 mois,"3 266,16 €",A,,
1651682511-11917,https://www.emploi-collectivites.fr/grille-indiciaire-etat,Secrétaire administratif des administrations de l'Etat,https://www.emploi-collectivites.fr/grille-indiciaire-etat-secretaire-administratif-administrations/1/5052.htm,6,573,484,3 ans,"2 268,04 €",,B,
1651680778-2146,https://www.emploi-collectivites.fr/grille-indiciaire-etat,Magistrat du premier grade de l'ordre judiciaire,https://www.emploi-collectivites.fr/grille-indiciaire-etat-magistrat-premier-grade-ordre-judiciaire/1/5672.htm,,HEBbis2,-,1 an,"5 131,20 €",A,,
1651680771-2058,https://www.emploi-collectivites.fr/grille-indiciaire-etat,Magistrat du tribunal administratif et cour administrative d’appel,https://www.emploi-collectivites.fr/grille-indiciaire-etat-magistrat-tribunal-administratif-cour-administrative-appel/1/6117.htm,5,1027,830,3 ans,"3 889,40 €",A,,
